"639-1","639-2","639-3","spokenName","hu","en","fr","ja","es","pt","cs","it","zh","nl","no"
"aa","aar","aar","Afaraf","Afar","Afar","Afar","アファル語","afar","Língua afar","afarština","Afar","阿法尔语","Afar, Hamitisch","Afar"
"ab","abk","abk","Аҧсуа","Abház","Abkhazian","Abkhaze","アブハズ語","abjaso (o abjasiano)","abcázio? Abcásio? Abecásio? Abecázio?","abcházština","Abkhazo","阿布哈兹语","Abchazisch","Abkhasisk"
"ae","ave","ave","avesta","Avesztai","Avestan","Avestique","アヴェスター語","avéstico","avestan","avestánština","Avestano","阿维斯陀语","Avestisch","Avestisk"
"af","afr","afr","Afrikaans","Afrikaans (búr)","Afrikaans","Afrikaans","アフリカーンス語","afrikaans","africânder","afrikánština","Afrikaans","阿非利堪斯语","Afrikaans","Afrikaans"
"ak","aka","aka + 2","Akan","Akan","Akan","Akan","アカン語","akano","akan","akanština","Akan","阿坎语","Akan","Akan"
"am","amh","amh","አማርኛ","Amhara","Amharic","Amharique","アムハラ語","amárico","amárico","amharština","Amarico","阿姆哈拉语","Amhaars, Amharisch","Amharisk"
"an","arg","arg","Aragonés","Aragóniai","Aragonese","Aragonais","アラゴン語","aragonés","aragonês","aragonština","Aragonese","阿拉贡语","Aragonees","Aragonesisk"
"ar","ara","ara + 30"," العربية","Arab","Arabic","Arabe","アラビア語","árabe","árabe","arabština","Arabo","阿拉伯语","Arabisch","Arabisk"
"as","asm","asm","অসমীয়া","Asszámi","Assamese","Assamais","アッサム語","asamés","assamês","ásámština","Assamese","阿萨姆语","Assamees, Assami","Assamesisk"
"av","ava","ava","авар мацӀ; магӀарул мацӀ","Avar","Avaric","Avar","アヴァール語","avar","avárico","avarština","Avarico","阿瓦尔语","Avaars","Avarisk"
"ay","aym","aym + 2","aymar aru","Ajmara","Aymara","Aymara","アイマラ語","aimara","aimará","ajmarština","Aymara","艾马拉语","Aymara, Aymará","Aymara"
"az","aze","aze + 2","azərbaycan dili","Azeri","Azerbaijani","Azéri","アゼルバイジャン語","azerí","azerbaijano","ázerbájdžánština","Azero","阿塞拜疆语","Azeri, Azerbeidzjaans","Aserbajdsjansk"
"ba","bak","bak","башҡорт теле","Baskír","Bashkir","Bachkir","バシキール語","baskir","baxequir","baškirština","Bashkir","巴什基尔语","Basjkiers, Basjkirisch","Basjkirsk"
"be","bel","bel","Беларуская","Belarusz","Belarusian","Biélorusse","ベラルーシ語","bielorruso","bielorusso; bielo-russo","běloruština","Bielorusso","白俄罗斯语","Wit-Russisch, Belarussisch","Hviterussisk"
"bg","bul","bul","български език","Bolgár","Bulgarian","Bulgare","ブルガリア語","búlgaro","búlgaro","bulharština","Bulgaro","保加利亚语","Bulgaars","Bulgarsk"
"bh","bih","--","भोजपुरी","Bhojpuri","Bihari","Bihari","ビハール語","bhojpurí","biari","bihárština","Bihari","比哈尔语","Bihari","Bihari"
"bi","bis","bis","Bislama","Bislama","Bislama","Bichelamar","ビスラマ語","bislama","bislamá bichlamar","bislamština","Bislama","比斯拉马语","Bislama","Bislama"
"bm","bam","bam","bamanankan","Bambara","Bambara","Bambara","バンバラ語","bambara","bâmbara","bambarština","Bambara","班巴拉语","Bambara","Bambara"
"bn","ben","ben","বাংলা","Bengáli","Bengali","Bengalî","ベンガル語","bengalí","bengali; bangla","bengálština","Bengali","孟加拉语","Bengaals","Bengali"
"bo","tib/bod","bod","བོད་ཡིག","Tibeti","Tibetan","Tibétain","チベット語","tibetano","tibetano","tibetština","Tibetano","藏语","Tibetaans","Tibetansk"
"br","bre","bre","brezhoneg","Breton","Breton","Breton","ブルトン語","bretón","bretão","bretonština","Bretone","布列塔尼语","Bretons","Bretonsk"
"bs","bos","bos","bosanski jezik","Bosnyák","Bosnian","Bosnien","ボスニア語","bosnio","bósnio","bosenština","Bosniaco","波斯尼亚语","Bosnisch","Bosnisk"
"ca","cat","cat","Català","Katalán","Catalan","Catalan","カタルーニャ語, バレンシア語","catalán","catalão","katalánština","Catalano; Valenciano","加泰隆语","Catalaans","Katalansk"
"ce","che","che","нохчийн мотт","Csecsen","Chechen","Tchétchène","チェチェン語","checheno","tchecheno ou checheno","čečenština","Ceceno","车臣语","Tsjetsjeens","Tsjetsjensk"
"ch","cha","cha","Chamoru","Csamorro","Chamorro","Chamorro","チャモロ語","chamorro","chamorro","chamorro","Chamorro","查莫罗语","Chamorro","Chamorro"
"co","cos","cos","corsu; lingua corsa","Korzikai","Corsican","Corse","コルシカ語","corso","corso","korsičtina","Corso","科西嘉语","Corsicaans","Korsikansk"
"cr","cre","cre + 6","ᓀᐦᐃᔭᐍᐏᐣ","Krí nyelv","Cree","Cri","クリー語","cree","cree","kríjština","Cree","克里语","Cree","Cree"
"cs","cze/ces","ces","česky; čeština","Cseh","Czech","Tchèque","チェコ語","checo","tcheco","čeština","Ceco","捷克语","Tsjechisch","Tsjekkisk"
"cu","chu","chu",,"Egyházi szláv","Church Slavic","Vieux slave","古代教会スラヴ語","eslavo eclesiástico antiguo","eslavo eclesiástico; eslavo antigo; búlgaro antigo","staroslověnština","Antico slavo ecclesiastico","教会斯拉夫语","Kerkslavisch","Kirkeslavisk"
"cv","chv","chv","чӑваш чӗлхи","Csuvas","Chuvash","Tchouvache","チュヴァシ語","chuvasio","chuvash","čuvašština","Chuvash","楚瓦什语","Tsjoevasjisch","Tsjuvansk"
"cy","wel/cym","cym","Cymraeg","Wales-i","Welsh","Gallois","ウェールズ語","galés","galês","velština","Gallese","威尔士语","Welsh","Walisisk"
"da","dan","dan","dansk","Dán","Danish","Danois","デンマーク語","danés","dinamarquês","dánština","Danese","丹麦语","Deens","Dansk"
"de","ger/deu","deu","Deutsch","Német","German","Allemand","ドイツ語","alemán","alemão","němčina","Tedesco","德语","Duits","Tysk"
"dv","div","div"," ދިވެހި","Maldív","Divehi","Divehi","ディベヒ語","maldivo","divehi; maldívio","divehi","Divehi","迪维希语","Divehi","Dhivehi"
"dz","dzo","dzo","རྫོང་ཁ","Dzongkha","Dzongkha","Dzongkha","ゾンカ語","dzongkha","dzongkha; zoncá","dzongkha","Dzongkha","不丹语","Dzongkha","Dzongkha"
"ee","ewe","ewe","Ɛʋɛgbɛ","Eve","Ewe","Ewe","エウェ語","ewe","éwé ou Jeje","eweština","Ewe","埃维语","Ewe","Ewe"
"el","gre/ell","ell","Ελληνικά","Görög","Greek","Grec moderne","ギリシア語 (1453年以降)","griego (moderno)","grego moderno (desde 1453)","řečtina","Greco moderno (dal 1453)","现代希腊语","Grieks","Gresk"
"en","eng","eng","English","Angol","English","Anglais","英語","inglés","inglês","angličtina","Inglese","英语","Engels","Engelsk"
"eo","epo","epo","Esperanto","Eszperantó","Esperanto","Espéranto","エスペラント","esperanto","esperanto","esperanto","Esperanto","世界语","Esperanto","Esperanto"
"es","spa","spa","español; castellano","Spanyol","Spanish","Espagnol","スペイン語","español (o castellano)","castelhano; espanhol","španělština","Spagnolo; Castigliano","西班牙语","Spaans","Spansk"
"et","est","est","Eesti keel","Észt","Estonian","Estonien","エストニア語","estonio","estoniano","estonština","Estone","爱沙尼亚语","Estisch, Ests","Estisk"
"eu","baq/eus","eus","euskara","Baszk","Basque","Basque","バスク語","euskera","basco","baskičtina","Basco","巴斯克语","Baskisch","Baskisk"
"fa","per/fas","fas + 2"," فارسی","Perzsa","Persian","Persan","ペルシア語","persa","persa","perština","Persiano","波斯语","Perzisch, Farsi","Persisk"
"ff","ful","ful + 9","Fulfulde","Ful","Fulah","Peul","フラ語","fula","fula","fula","Fula","富拉语","Fula","Fulfulde"
"fi","fin","fin","suomen kieli","Finn","Finnish","Finnois","フィンランド語","finés (o finlandés)","finlandês","finština","Finlandese","芬兰语","Fins","Finsk"
"fj","fij","fij","vosa Vakaviti","Fidzsi","Fijian","Fidjien","フィジー語","fiyiano (o fiyi)","fidjiano","fidžijština","Fijiano","斐济语","Fijisch","Fijisk"
"fo","fao","fao","Føroyskt","Feröeri","Faroese","Féringien","フェロー語","feroés","feroês ou feróico","faerština","Faroese","法罗斯语","Faeröers","Færøysk"
"fr","fre/fra","fra","français; langue française","Francia","French","Français","フランス語","francés","francês","francouzština","Francese","法语","Frans","Fransk"
"fy","fry","fry + 3","Frysk","Fríz","Western Frisian","Frison","フリジア語","frisón (o frisio)","frisão ou frísio","západofríština","Frisone","弗里西亚语","Fries","Frisisk"
"ga","gle","gle","Gaeilge","Ír","Irish","Irlandais","アイルランド語","irlandés (o gaélico)","irlandês","irština","Gaelico irlandese","爱尔兰语","Iers-Gaelisch","Irsk"
"gd","gla","gla","Gàidhlig","Skót-gael","Scottish Gaelic","Écossais","スコットランド・ゲール語","gaélico escocés","gaélico-escocês","skotská gaelština","Gaelico scozzese","苏格兰盖尔语","Schots-Gaelisch","Skotsk gælisk"
"gl","glg","glg","Galego","Galíciai","Galician","Galicien","ガリシア語","gallego","galego","galicijština","Galiziano","加利西亚语","Galicisch","Galisisk"
"gn","grn","grn + 5","Avañe'ẽ","Guaraní","Guaraní","Guarani","グアラニー語","guaraní","guarani","guaraní","Guarani","瓜拉尼语","Guaraní","Guaraní"
"gu","guj","guj","ગુજરાતી","Gujarati","Gujarati","Gujarâtî","グジャラート語","guyaratí (o guyaratí)","gujarati; guzerate","gudžarátština","Gujarati","古吉拉特语","Gujarati","Gujarati"
"gv","glv","glv","Ghaelg","Manx","Manx","Mannois","マン島語","manés (gaélico manés o de Isla de Man)","manês; manx","manština","Manx","马恩岛语","Manx-Gaelisch","Mansk"
"ha","hau","hau"," هَوُسَ","Hausa","Hausa","Haoussa","ハウサ語","hausa","hauçá","hauština","Hausa","豪萨语","Hausa","Hausa"
"he","heb","heb"," עברית","Héber","Hebrew","Hébreu","ヘブライ語","hebreo","hebraico","hebrejština","Ebraico","希伯来语","Hebreeuws","Hebraisk"
"hi","hin","hin","हिन्दी; हिंदी","Hindi","Hindi","Hindî","ヒンディー語","hindi (o hindú)","hindi; híndi; indi","hindština","Hindi","印地语","Hindi","Hindi"
"ho","hmo","hmo","Hiri Motu","Hiri motu","Hiri Motu","Hiri motu","ヒリモトゥ語","hiri motu","hiri motu","hiri motu","Hiri Motu","希里莫图语","Hiri Motu","Hiri motu"
"hr","scr/hrv","hrv","Hrvatski","Horvát","Croatian","Croate","クロアチア語","croata","croata","chorvatština","Croato","克罗地亚语","Kroatisch","Kroatisk"
"ht","hat","hat","Kreyòl ayisyen","Haiti kreol","Haitian Creole","Créole haïtien","ハイチクレオール語","haitiano","criolo haitiano; Haitian","haitština","Creolo haitiano; Haitiano","海地克里奥尔语","Kreyòl","Haitisk kreolsk"
"hu","hun","hun","Magyar","Magyar","Hungarian","Hongrois","ハンガリー語","húngaro","húngaro","maďarština","Ungherese","匈牙利语","Hongaars","Ungarsk"
"hy","arm/hye","hye","Հայերեն","Örmény","Armenian","Arménien","アルメニア語","armenio","armênio","arménština","Armeno","亚美尼亚语","Armeens","Armensk"
"hz","her","her","Otjiherero","Otjiherero","Herero","Herero","ヘレロ語","herero","hereró","hererština","Herero","赫雷罗语","Herero","Herero"
"ia","ina","ina","interlingua","Interlingva nyelv","Interlingua (International Auxiliary Language Association)","Interlingua","インターリングア (International Auxiliary language Association)","interlingua","interlíngua","interlingua","Interlingua de IALA","国际语A","Interlingua","Interlingua (International Auxiliary Language Association)"
"id","ind","ind","Bahasa Indonesia","Indonéz","Indonesian","Indonésien","インドネシア語","indonesio","indonésio","indonéština","Indonesiano","印尼语","Indonesisch","Indonesisk"
"ie","ile","ile","Interlingue","Interlingua","Interlingue","Occidental","インターリング","occidental","interlíngua","interlingue","Interlingue, Occidental","国际语E","Interlingue","Interlingue"
"ig","ibo","ibo","Igbo","Igbo","Igbo","Igbo","イボ語","igbo","ibo","igbo","Igbo","伊博语","Igbo","Ibo"
"ii","iii","iii","ꆇꉙ","Szecsuani","Sichuan Yi","Yi","彝語（ロロ語）","yi de Sichuán","yi de Sichuan","yi","Sichuan Yi","四川彝语","Yi","Yi"
"ik","ipk","ipk + 2","Iñupiaq; Iñupiatun","Inupiak","Inupiaq","Inupiaq","イヌピア語","inupiaq","inupiaq","inupiaq","Inupiaq","依努庇克语","Inupiak","Inupiak"
"io","ido","ido","Ido","Ido","Ido","Ido","イド語","ido","ido","ido","Ido","伊多语","Ido","Ido"
"is","ice/isl","isl","Íslenska","Izlandi","Icelandic","Islandais","アイスランド語","islandés","islandês","islandština","Islandese","冰岛语","IJslands","Islandsk"
"it","ita","ita","Italiano","Olasz","Italian","Italien","イタリア語","italiano","italiano","italština","Italiano","意大利语","Italiaans","Italiensk"
"iu","iku","iku + 2","ᐃᓄᒃᑎᑐᑦ","Inuktitut","Inuktitut","Inuktitut","イヌイット語","inuktitut","inuktitut","inuitština","Inuktitut","伊努伊特语","Inuktitut","Inuittisk"
"ja","jpn","jpn","日本語 (にほんご)","Japán","Japanese","Japonais","日本語","japonés","japonês","japonština","Giapponese","日语","Japans","Japansk"
"jv","jav","jav","basa Jawa","Jávai","Javanese","Javanais","ジャワ語","javanés","javanês","javánština","Giavanese","爪哇语","Javaans","Javanesisk"
"ka","geo/kat","kat","ქართული","Grúz","Georgian","Géorgien","グルジア語","georgiano","georgiano","gruzínština","Georgiano","格鲁吉亚语","Georgisch","Georgisk"
"kg","kon","kon + 3","KiKongo","Kongói","Kongo","Kikongo","コンゴ語","kongo","quicongo","konžtina","Kongo","刚果语","Kikongo","Kongolesisk"
"ki","kik","kik","Gĩkũyũ","Kikuyu","Kikuyu","Kikuyu","キクユ語","kikuyu","kikuyu; Gikuyu","kikujština","Kikuyu; Gikuyu","基库尤语","Gikuyu","Gikuyu"
"kj","kua","kua","Kuanyama","Kuanyama","Kuanyama","Kuanyama","クワニャマ語","kuanyama","cuanhama","kuanyama","Kuanyama; Kwanyama","宽亚玛语","Kwanyama","Kwanyama"
"kk","kaz","kaz","Қазақ тілі","Kazah","Kazakh","Kazakh","カザフ語","kazajo (o kazajio)","cazaque","kazaština","Kazaka","哈萨克语","Kazachs","Kasakhisk"
"kl","kal","kal","kalaallisut; kalaallit oqaasii","Kalaallisut","Kalaallisut","Kalaallisut","グリーンランド語","groenlandés (o kalaallisut)","groenlandês","grónština","Groenlandese; Kalaallisut","格陵兰语","Groenlands","Kalaallisut"
"km","khm","khm","ភាសាខ្មែរ","Khmer","Khmer","Khmer","クメール語","camboyano (o jemer)","khmer","kmérština","Khmer","高棉语","Khmer, Cambodjaans","Khmer"
"kn","kan","kan","ಕನ್ನಡ","Kannada","Kannada","Kannara","カンナダ語","canarés","kannada","kannadština","Kannada","卡纳达语","Kannada, Kanarees, Kanara","Kannada"
"ko","kor","kor","한국어 (韓國語); 조선말 (朝鮮語)","Koreai","Korean","Coréen","韓国語","coreano","coreano","korejština","Coreano","朝鲜语","Koreaans","Koreansk"
"kr","kau","kau + 3","Kanuri","Kanuri","Kanuri","Kanouri","カヌリ語","kanuri","canúri","kanurijština","Kanuri","卡努里语","Kanuri","Kanuri"
"ks","kas","kas","कश्मीरी; كشميري‎","Kasmiri","Kashmiri","Kashmiri","カシミール語","cachemiro","cachemir","kašmírština","Kashmiri","克什米尔语","Kasjmiri, Kasjmiers, Kasjmirs","Kashmiri"
"ku","kur","kur + 3","Kurdî; كوردی‎","Kurd","Kurdish","Kurde","クルド語","kurdo","curdo","kurdština","Curdo","库尔德语","Koerdisch","Kurdisk"
"kv","kom","kom + 2","коми кыв","Komi","Komi","Komi","コミ語","komi","komi","komijština","Komi","科米语","Zurjeens","Komi"
"kw","cor","cor","Kernewek","Korn","Cornish","Cornique","コーンウォル語","córnico","córnico","kornština","Cornico","康沃尔语","Cornisch","Kornisk"
"ky","kir","kir","кыргыз тили","Kirgiz","Kirghiz","Kirghiz","キルギス語","kirguís","quirguiz","kyrgyzština","Kirghiso","吉尔吉斯语","Kirgizisch","Kirgisisk"
"la","lat","lat","latine; lingua latina","Latin","Latin","Latin","ラテン語","latín","latim","latina","Latino","拉丁语","Latijn","Latin"
"lb","ltz","ltz","Lëtzebuergesch","Luxemburgi","Luxembourgish","Luxembourgeois","ルクセンブルク語","luxemburgués","luxemburguês","lucemburština","Lussemburghese","卢森堡语","Luxemburgs","Luxembourgsk"
"lg","lug","lug","Luganda","Luganda","Ganda","Ganda","ガンダ語","luganda","ganda","lugandština","Ganda","干达语","Luganda","Luganda"
"li","lim","lim","Limburgs","Limburgi-Bergi","Limburgish","Limbourgeois","リンブルフ語","limburgués","limburguês","limburština","Limburghese","林堡语","Limburgs","Limburgisk"
"ln","lin","lin","Lingála","Lingala","Lingala","Lingala","リンガラ語","lingala","lingala","lingalština","Lingala","林加拉语","Lingala","Lingala"
"lo","lao","lao","ພາສາລາວ","Laoszi","Lao","Lao","ラーオ語","lao","laociano","laoština","Lao","老挝语","Laotiaans","Laotisk"
"lt","lit","lit","lietuvių kalba","Litván","Lithuanian","Lituanien","リトアニア語","lituano","lituano","litevština","Lituano","立陶宛语","Litouws","Litauisk"
"lu","lub","lub",,"Luba-Katanga","Luba-Katanga","Tchiluba","ルバ語","luba-katanga","luba-katanga","lubština","Luba-katanga","卢巴-加丹加语","Luba-Katanga","Luba-Katanga"
"lv","lav","lav","latviešu valoda","Lett","Latvian","Letton","ラトビア語","letón","letão","lotyština","Lettone","拉脱维亚语","Lets","Latvisk"
"mg","mlg","mlg + 10","Malagasy fiteny","Malagasy","Malagasy","Malgache","マダガスカル語","malgache (o malagasy)","malgaxe","malagaština","Malgascio","马达加斯加语","Plateaumalagasi","Gassisk"
"mh","mah","mah","Kajin M̧ajeļ","Marshalli","Marshallese","Marshallais","マーシャル語","marshalés","marshallês","maršálština","Marshallese","马绍尔语","Marshallees","Marshallesisk"
"mi","mao/mri","mri","te reo Māori","Maori","Māori","Māori de Nouvelle-Zélande","マオリ語","maorí","maori","maorština","Maori","毛利语","Maori","Maoriski"
"mk /sl ^ ","mac/mkd","mkd","македонски јазик","Macedón","Macedonian","Macédonien","マケドニア語","macedonio","macedônio","makedonština","Macedone","马其顿语","Macedonisch","Makedonsk"
"ml","mal","mal","മലയാളം","Malayalam","Malayalam","Malayalam","マラヤーラム語","malayalam","malaiala","malajámština","Malayalam","马拉亚拉姆语","Malayalam","Malayalam"
"mn","mon","mon + 2","Монгол","Mongol","Mongolian","Mongol","モンゴル語","mongol","mongol","mongolština","Mongolo","蒙古语","Mongools","Mongolsk"
"mo","mol","mol","лимба молдовеняскэ","Moldáv","Moldavian","Moldave","モルダビア語","moldavo","moldávio","moldavština","Moldavo","摩尔达维亚语","Moldavisch","Moldovsk"
"mr","mar","mar","मराठी","Marathi","Marathi","Marâthî","マラッタ語","maratí","marata","maráthština","Marathi","马拉提语","Marathi","Marathi"
"ms","may/msa","msa + 13","bahasa Melayu; بهاس ملايو‎","Maláj","Malay","Malais","マレー語","malayo","malaio","malajština","Malay","马来语","Maleis","Malayisk"
"mt","mlt","mlt","Malti","Máltai","Maltese","Maltais","マルタ語","maltés","maltês","maltština","Maltese","马耳他语","Maltees","Maltesisk"
"my","bur/mya","mya","ဗမာစာ","Birmani","Burmese","Birman","ビルマ語","birmano","birmanês; burmês","barmština","Burmese","缅甸语","Birmaans, Birmees","Burmesisk"
"na","nau","nau","Ekakairũ Naoero","Naurui","Nauru","Nauruan","ナウル語","nauruano","nauru","nauruština","Nauru","瑙鲁语","Nauruaans","Naurisk"
"nb","nob","nob","Norsk bokmål","Norvég (Bokmål)","Norwegian Bokmål","Norvégien Bokmål","ブークモール（ノルウェー語）","noruego bokmål","norueguês bokmål","bokmål","Norvegese Bokmål","挪威布克莫尔语","Norwegian Bokmål","Bokmål"
"nd","nde","nde","isiNdebele","Északi Ndebele","North Ndebele","Ndébélé du Nord","北ンデベレ語","ndebele del norte","ndebele do norte","severní ndebelština","Ndebele settentrionale","北恩德贝勒语","Noord-Ndebele","Nord-ndebele"
"ne","nep","nep","नेपाली","Nepáli","Nepali","Népalais","ネパール語","nepalí","nepali, nepalês","nepálština","Nepalese","尼泊尔语","Nepalees, Nepali","Nepali"
"ng","ndo","ndo","Owambo","Ndongo","Ndonga","Ndonga","ンドンガ語","ndonga","ndonga","ndonga","Ndonga","恩敦加语","Ndonga","Ndonga"
"nl","dut/nld","nld","Nederlands","Holland","Dutch","Néerlandais","オランダ語","neerlandés (u holandés)","holandês","nizozemština","Olandese; Fiammingo","荷兰语","Nederlands","Nederlandsk"
"nn","nno","nno","Norsk nynorsk","Norvég (Nynorsk)","Norwegian Nynorsk","Norvégien Nynorsk","ニーノシュク（ノルウェー語）","nynorsk","novo norueguês","nynorsk","Norvegese Nynorsk","新挪威语","Nynorsk","Nynorsk"
"no","nor","nor + 2","Norsk","Norvég","Norwegian","Norvégien","ノルウェー語","noruego","norueguês","norština","Norvegese","挪威语","Noors","Norsk"
"nr","nbl","nbl","Ndébélé","Déli Ndebele","South Ndebele","Ndébélé du Sud","南ンデベレ語","ndebele del sur","ndebele do sul","jižní ndebelština","Ndebele meridionale","南恩德贝勒语","Zuid-Ndebele","Sør-ndebele"
"nv","nav","nav","Diné bizaad; Dinékʼehǰí","Navahó","Navajo","Navajo","ナヴァホ語","navajo","navajo; navaho","navažština","Navajo; Navaho","纳瓦霍语","Navajo","Navajo"
"ny","nya","nya","chiCheŵa; chinyanja","Chichewa","Chichewa","Chichewa","チェワ語","chichewa","cinyanja; chewa; nyanja","čičevština","Chichewa; Chewa; Nyanja","尼扬贾语","Nyanja","Chichewa"
"oc","oci","oci + 5","Occitan","Okcitán","Occitan","Occitan","オック語 (1500年以降)","occitano","occitano (depois 1500); provençal","okcitánština","Occitano (dopo il 1500); Provenzale","奥克西唐语","Occitaans","Oksitansk"
"oj","oji","oji + 7","ᐊᓂᔑᓈᐯᒧᐎᓐ","Ojibwe / Anishinaabe","Ojibwa","Ojibwé","オジブワ語","ojibwa","ojibwa","odžibvejština","Ojibwa","奥吉布瓦语","Ojibweg","Ojibwa"
"om","orm","orm + 4","Afaan Oromoo","Oromo","Oromo","Oromo","オロモ語","oromo","oromo","oromština","Oromo","奥洛莫语","Afaan Oromo","Oromo"
"or","ori","ori","ଓଡ଼ିଆ","Oriya","Oriya","Oriya","オリヤー語","oriya","oriya","orijština","Oriya","奥利亚语","Oriya","Oriya"
"os","oss","oss","Ирон æвзаг","Oszét","Ossetian","Ossète","オセット語","osético","oseto","osetština","Osseto","奥塞梯语","Ossetisch","Ossetisk"
"pa","pan","pan","ਪੰਜਾਬੀ; پنجابی‎","Pandzsábi","Panjabi","Panjâbî","パンジャーブ語","panyabí (o penyabi)","punjabi","pandžábština","Punjabi","旁遮普语","Punjabi","Punjabi"
"pi","pli","pli","पािऴ","Páli","Pāli","Pâli","パーリ語","pali","pali","páli","Pali","巴利语","Pali","Pali"
"pl","pol","pol","polski","Lengyel","Polish","Polonais","ポーランド語","polaco","polonês; polaco","polština","Polacco","波兰语","Pools","Polsk"
"ps","pus","pus + 3"," پښتو","Pastu","Pashto","Pachto","パシュトー語","pastú (o pashto)","pashto","pašto, paštština","Pashto","普什图语","Pasjtoe, Pasjto, Pashtoe","Pashto"
"pt","por","por","Português","Portugál","Portuguese","Portugais","ポルトガル語","portugués","português","portugalština","Portoghese","葡萄牙语","Portugees","Portugisisk"
"qu","que","que + 44","Runa Simi; Kichwa","Kecsua","Quechua","Quechua","ケチュア語","quechua","quechua; quéchua","kečuánština","Quechua","凯楚亚语","Quechua","Quechua"
"rm","roh","roh","rumantsch grischun","Rétoromán","Raeto-Romance","Romanche","レト・ロマン語","retorrománico","reto-romano","rétorománština","romancio, Reto-romanzo","利托-罗曼语","Reto-Romaans","Retoromansk"
"rn","run","run","kiRundi","Kirundi","Kirundi","Kirundi","ルンディ語","kirundi","rundi","kirundština","Rundi","基隆迪语","Kirundi","Kirundi"
"ro","rum/ron","ron","română","Román","Romanian","Roumain","ルーマニア語","rumano","romeno","rumunština","Rumeno","罗马尼亚语","Roemeens","Rumensk"
"ru","rus","rus","русский язык","Orosz","Russian","Russe","ロシア語","ruso","russo","ruština","Russo","俄语","Russisch","Russisk"
"rw","kin","kin","Kinyarwanda","Kinyarwanda","Kinyarwanda","Kinyarwanda","ルワンダ語","ruandés","kinyaruanda","kinyarwandština","Kinyarwanda","基尼阿万达语","Kinyarwanda","Kinyarwanda"
"ry","rue","rue","русинськый язык","Ruszin","Rusyn",,,"sánscrito",,,,,,
"sa","san","san","संस्कृतम्","Szanszkrit","Sanskrit","Sanskrit","サンスクリット","sardo","sânscrito","sanskrt","Sanscrito","梵语","Sanskriet","Sanskrit"
"sc","srd","srd + 4","sardu","Sardu","Sardinian","Sarde","サルデーニャ語","sindhi","sardo","sardština","Sardo","撒丁语","Sardijns","Sardisk"
"sd","snd","snd","सिन्धी; سنڌي، سندھی‎","Sindhi","Sindhi","Sindhi","シンディー語","sami septentrional","sindhi","sindhština","Sindhi","信德语","Sindhi","Sindhi"
"se","sme","sme","Davvisámegiella","Északi számi","Northern Sami","Same du Nord","サモス語","sango","sami do norte","severní sámština",,"北萨莫斯语","Noord-Samisch, Noord-Laps","Nordsamisk"
"sg","sag","sag","yângâ tî sängö","Sango","Sango","Sango","サンゴ語","serbocroata","sango","sangština","Sango","桑戈语","Sangho","Sango"
"sh","--","hbs + 3","Српскохрватски","Szerbhorvát","Serbo-Croatian","Serbo-croate","セルビア・クロアチア語","cingalés",,"srbochorvatština",,"塞尔维亚-克罗地亚语","Servokroatisch","Serbokroatisk"
"si","sin","sin","සිංහල","Szingaléz","Sinhalese","Cingalais","シンハラ語","eslovaco","sinhalês; cingalês","sinhalština","Singalese; Sinhala","僧加罗语","Singalees","Singalesisk"
"sk","slo/slk","slk","slovenčina","Szlovák","Slovak","Slovaque","スロバキア語","esloveno","eslovaco","slovenština","Slovacco","斯洛伐克语","Slowaaks, Slovaaks","Slovakisk"
"sl","slv","slv","slovenščina","Szlovén","Slovenian","Slovène","スロベニア語","samoano","esloveno","slovinština","Sloveno","斯洛文尼亚语","Sloveens","Slovensk"
"sm","smo","smo","gagana fa'a Samoa","Samoa","Samoan","Samoan","サモア語","shona","samoa","samojština","Samoano","萨摩亚语","Samoaans","Samoansk"
"sn","sna","sna","chiShona","Shona","Shona","Shona","ショナ語","somalí","chona","šonština","Shona","绍纳语","Shona","Shona"
"so","som","som","Soomaaliga; af Soomaali","Szomáli","Somali","Somali","ソマリ語","albanés","somali","somálština","Somalo","索马里语","Somalisch","Somalisk"
"sq","alb/sqi","sqi + 4","Shqip","Albán","Albanian","Albanais","アルバニア語","serbio","albanês","albánština","Albanese","阿尔巴尼亚语","Albanees","Albansk"
"sr","scc/srp","srp","српски језик","Szerb","Serbian","Serbe","セルビア語","suazi (swati o siSwati)","sérvio","srbština","Serbo","塞尔维亚语","Servisch","Serbisk"
"ss","ssw","ssw","SiSwati","Siswati","Swati","Siswati","スワジ語","sesotho","swati","swati","Swati","斯瓦特语","Swazi","Swati"
"st","sot","sot","seSotho","Sesotho","Southern Sotho","Sotho du Sud","南ソト語","sundanés","seSotho do sul","jihosotština","Sesotho","南索托语","Zuid-Sotho","Sesotho"
"su","sun","sun","Basa Sunda","Szundanéz","Sundanese","Sundanais","スンダ語","sueco","sundanês","sundština","Sondanese","巽他语","Soendanees, Sundanees","Sundanesisk"
"sv","swe","swe","Svenska","Svéd","Swedish","Suédois","スウェーデン語","suajili","sueco","švédština","Svedese","瑞典语","Zweeds","Svensk"
"sw","swa","swa + 2","Kiswahili","Szuahéli","Swahili","Swahili","スワヒリ語","tamil","swahili","svahilština","Swahili","斯瓦希里语","Swahili","Swahili"
"ta","tam","tam","தமிழ்","Tamil","Tamil","Tamoul","タミル語","telugú","tâmil","tamilština","Tamil","泰米尔语","Tamil","Tamilsk"
"te","tel","tel","తెలుగు","Telugu","Telugu","Télougou","テルグ語","tayiko","telugu","telugština","Telugu","泰卢固语","Telugu, Teloegoe","Telugu"
"tg","tgk","tgk","тоҷикӣ; toğikī; تاجیکی‎","Tadzsik","Tajik","Tadjik","タジク語","tailandés","tadjique","tádžičtina","Tagico","塔吉克语","Tadzjieks","Tadsjikisk"
"th","tha","tha","ไทย","Thaiföldi","Thai","Thaï","タイ語","tigriña","tailandês","thajština","Thai","泰语","Thai, Thais","Thai"
"ti","tir","tir","ትግርኛ","Tigrinja","Tigrinya","Tigrinya","ティグリニャ語","turcomano","tigrinya","tygriňa","Tigrino","提格里尼亚语","Tigrinya","Tigrinya"
"tk","tuk","tuk","Türkmen; Түркмен","Türkmén","Turkmen","Turkmène","トルクメン語","tagalo","turcomano","turkmenština","Turcmeno","土库曼语","Turkmeens, Toerkmeens","Turkmensk"
"tl","tgl","tgl","Tagalog","Tagalog","Tagalog","Tagalog","タガログ語","setsuana","tagalo","tagalština","Tagalog","塔加洛语","Tagalog","Tagalog"
"tn","tsn","tsn","seTswana","Setswana","Tswana","Tswana","ツワナ語","tongano","tswana","tswanština","Tswana","塞茨瓦纳语","Tswana","Tswana"
"to","ton","ton","faka Tonga","Tongai","Tonga","Tongien","トンガ語 (トンガ)","turco","tonganês (das Ilhas Tonga)","tonžtina","Tonga (Tongano Islands)","汤加语 (汤加岛)","Tongaans, Tonga","Tonganesisk"
"tr","tur","tur","Türkçe","Török","Turkish","Turc","トルコ語","tsonga","turco","turečtina","Turco","土耳其语","Turks","Tyrkisk"
"ts","tso","tso","xiTsonga","Tsonga","Tsonga","Tsonga","ツォンガ語","tártaro","ChiTsonga; XiTsonga; ShiTsonga","tsonga","Tsonga","宗加语","Tsonga","Tsonga"
"tt","tat","tat","татарча; tatarça; تاتارچا‎","Tatár","Tatar","Tatar","タタール語","twi","tártaro","tatarština","Tataro","塔塔尔语","Tataars, Tartaars","Tatarsk"
"tw","twi","twi","Twi","Twi","Twi","Twi","トウィ語","tahitiano","twi","ťwiština","Twi","特威语","Twi","Twi"
"ty","tah","tah","Reo Mā`ohi","Tahiti","Tahitian","Tahitien","タヒチ語","uigur","taitiano","tahitština","Tahitiano","塔希提语","Tahitiaans","Tahitisk"
"ug","uig","uig","Uyƣurqə; ئۇيغۇرچ ‎","Ujgur","Uighur","Ouïghour","ウイグル語","ucraniano","uigure","ujgurština","Uighuro; Uyghur","维吾尔语","Oeigoers, Oejgoers","Uighur"
"uk","ukr","ukr","українська мова","Ukrán","Ukrainian","Ukrainien","ウクライナ語","urdu","ucraniano","ukrajinština","Ucraino","乌克兰语","Oekraïens","Ukrainsk"
"ur","urd","urd"," اردو","Urdu","Urdu","Ourdou","ウルドゥー語","uzbeko","urdu","urdština","Urdu","乌尔都语","Urdu","Urdu"
"uz","uzb","uzb + 2","O'zbek; Ўзбек; أۇزبېك‎","Üzbég","Uzbek","Ouzbek","ウズベク語","venda","uzbeque; uzbek","uzbečtina","Usbeco; usbeko, uzbeco, usbecco","乌兹别克语","Oezbeeks","Usbekisk"
"ve","ven","ven","tshiVenḓa","Venda","Venda","Venda","ベンダ語","vietnamita","venda","luvendština","Venda","文达语","Venda","Venda"
"vi","vie","vie","Tiếng Việt","Vietnami","Vietnamese","Vietnamien","ベトナム語","walisiano","vietnamita","vietnamština","Vietnamita","越南语","Vietnamees","Vietnamesisk"
"vo","vol","vol","Volapük","Volapük","Volapük","Volapük","ヴォラピュク","volapük","volapük","volapük","Volapük","沃拉普克语","Volapük, Volapuk","Volapük"
"wa","wln","wln","Walon","Wallon","Walloon","Wallon","ワロン語","valón","valão","valonština","Vallone","沃伦语","Waals","Vallonsk"
"wo","wol","wol","Wollof","Wolof","Wolof","Wolof","ウォロフ語","wolof","wolof","volofština","Wolof","沃洛夫语","Wolof","Wolof"
"xh","xho","xho","isiXhosa","Xhosa","Xhosa","Xhosa","コサ語","xhosa","xhosa","xhoština","Xhosa","科萨语","Xhosa","Xhosa"
"yi","yid","yid + 2"," ייִדיש","Jiddis","Yiddish","Yiddish","イディッシュ語","yídish (o yiddish)","yiddish; iídiche","jidiš","Yiddish","依地语","Jiddisch","Jiddisk"
"yo","yor","yor","Yorùbá","Yoruba","Yoruba","Yoruba","ヨルバ語","yoruba","iorubá; yoruba","jorubština","Yoruba","约鲁巴语","Yoruba","Yoruba"
"za","zha","zha + 2","Saɯ cueŋƅ; Saw cuengh","Zhuang","Zhuang","Zhuang","チワン語","chuan (o zhuang)","zhuang; chuang","zhuangština","Zhuang, Chuang","壮语","Zhuang, Tsjoeang","Zhuang"
"zh","chi/zho","zho + 13","中文, 汉语, 漢語","Kínai","Chinese","Chinois","中国語","chino","chinês","čínština","Cinese","中文、汉语","Chinees","Kinesisk"
"zu","zul","zul","isiZulu","Zulu","Zulu","Zoulou","ズールー語","zulú","zulu","zuluština","Zulu","祖鲁语","Zoeloe","Zulu"
